O_CUSTKEY,RECENCY,FREQUENCY,MONETARY
42239,1,1,65877.82000
10061,124,4,183773.21000
60820,94,19,1825676.04000
97618,72,23,2762626.29000