O_CUSTKEY,RECENCY,FREQUENCY,MONETARY,MONETARY_AVG,R,F,M,RFM,RFM_SEGMENT
42239,1,1,65877.82000,65877.82000,1,1,1,3,Need Attention
10061,124,4,183773.21000,45943.30250,4,2,2,8,Potential
60820,94,19,1825676.04000,96088.21263,3,3,3,9,Loyal
97618,72,23,2762626.29000,120114.18652,2,4,4,10,Champion